Registro,Tarea,Beta_C3,Beta_C4,Beta_Cz,Mu_C3,Mu_C4,Mu_Cz
sub_1,Reposo/Otros,1.2272305286002769e-11,8.058322131332732e-12,1.2521197848511127e-11,3.741037110509727e-11,2.849905847182846e-11,3.422569550530348e-11
sub_1,Movimiento Real,1.1924237773130386e-11,9.313238019523874e-12,1.3003137554581374e-11,4.5071635273471707e-11,3.074045272323505e-11,4.4820094841011237e-11
sub_1,Imaginería Motora,9.58350781712278e-12,7.750741576405541e-12,9.728888652028604e-12,3.412171518013236e-11,2.472043265780417e-11,3.2306757062844683e-11
sub_1,Reposo/Otros,1.248230552889445e-11,9.717204099199082e-12,1.48922925986036e-11,3.930878200235155e-11,3.2343406337583946e-11,4.399587410932395e-11
sub_1,Reposo/Otros,1.026133428926166e-11,9.079866763433736e-12,1.1505836548486208e-11,4.0335540459913665e-11,2.7324129720048902e-11,3.286396757945282e-11
sub_1,Movimiento Real,1.1010562586527995e-11,9.001685143912592e-12,1.1168619925301978e-11,3.228685821254138e-11,2.58673728774408e-11,3.28718720473607e-11
sub_1,Imaginería Motora,1.1844793739413128e-11,8.351647197079275e-12,1.0671348720389823e-11,3.041603416269601e-11,2.489152557790603e-11,3.184991358097947e-11
sub_1,Reposo/Otros,1.2340804446764818e-11,8.802723163686646e-12,1.2724159881987337e-11,3.473873861354427e-11,2.9062109249445907e-11,3.6651413420604674e-11
sub_1,Reposo/Otros,1.131073702362283e-11,8.669332794968013e-12,1.1883078803778965e-11,4.370056349424793e-11,3.662695705337449e-11,4.086639464908608e-11
sub_1,Movimiento Real,1.087367078749948e-11,8.151300273364808e-12,1.1220687713215251e-11,3.064324469046669e-11,2.5713207499794353e-11,3.284207620565493e-11
sub_1,Imaginería Motora,1.0523451590540464e-11,7.748139237234203e-12,1.0676630413764247e-11,3.304316199407932e-11,2.4737894105488378e-11,3.214692619743155e-11
sub_1,Reposo/Otros,1.193709906943639e-11,9.409769501542014e-12,1.4086110301858998e-11,3.8033348657507365e-11,3.198995659364514e-11,4.118836202600189e-11
sub_10,Reposo/Otros,9.775196912323329e-12,8.121245746492343e-12,9.128148938823453e-12,4.1311967831187904e-11,3.555844668303426e-11,4.285677212334412e-11
sub_10,Movimiento Real,1.1517105467570698e-11,9.423818609087214e-12,1.1871013236437468e-11,4.117937535491974e-11,4.247258819970522e-11,5.306606392584106e-11
sub_10,Imaginería Motora,1.0029287370190033e-11,7.866466551457654e-12,1.022306331537907e-11,3.477538272427311e-11,3.077948009699126e-11,4.0697537042818725e-11
sub_10,Reposo/Otros,1.0406824595480718e-11,8.811174156724234e-12,1.1599939867152023e-11,4.201665696777275e-11,4.228041782417547e-11,4.679595077966251e-11
sub_10,Reposo/Otros,1.0407241969997122e-11,8.32359192673531e-12,1.0674181484283693e-11,4.1786088883137386e-11,4.7208371854475706e-11,5.261380657232489e-11
sub_10,Movimiento Real,1.0725665026211898e-11,8.323870194961575e-12,9.7064004328969e-12,3.1193164043923784e-11,3.214903677326241e-11,3.545525288265962e-11
sub_10,Imaginería Motora,1.0103200480907025e-11,8.171338590466764e-12,8.974495366732178e-12,3.127842021833251e-11,3.1319578687117296e-11,3.396314580482339e-11
sub_10,Reposo/Otros,9.34408188874538e-12,8.54873290079541e-12,9.60654398995929e-12,3.4395619874318744e-11,3.4136341613214345e-11,3.26294736199161e-11
sub_10,Reposo/Otros,1.0914732240324353e-11,8.498914076365267e-12,9.894103831292842e-12,4.211797669871812e-11,3.6539005213404984e-11,4.423042245869053e-11
sub_10,Movimiento Real,1.3527201434076803e-11,1.0656126630298426e-11,1.191169545638075e-11,5.943490665836808e-11,6.190284572419996e-11,7.16131315685627e-11
sub_10,Imaginería Motora,1.0500326119895255e-11,8.206096920112564e-12,1.0399947821462224e-11,3.9627443678545013e-11,3.917163666348234e-11,4.6842761813593803e-11
sub_10,Reposo/Otros,9.996990409138501e-12,8.659200863263175e-12,1.1196888466066692e-11,4.7092849197684585e-11,4.4883241541592255e-11,4.815096406607321e-11
sub_11,Reposo/Otros,2.2105338717086408e-12,1.871606321815207e-12,2.2357984422866843e-12,5.514073284198668e-12,4.5672510389461485e-12,6.3788368602937834e-12
sub_11,Movimiento Real,3.08623931422136e-12,2.6062179557533144e-12,3.027893338431867e-12,4.216001510931043e-12,4.486379680585022e-12,5.723899701794619e-12
sub_11,Imaginería Motora,2.3013692400310498e-12,1.9612912187355127e-12,2.3264309460312823e-12,4.241257617948634e-12,4.1894957489570055e-12,5.248008096910745e-12
sub_11,Reposo/Otros,2.440413646735886e-12,2.029426349450314e-12,2.519312927816901e-12,4.486649133183887e-12,4.233280389740624e-12,5.497340940056571e-12
sub_11,Reposo/Otros,1.865690602806994e-12,1.6173667898256023e-12,1.9103487291857535e-12,4.053400037587505e-12,3.7604016359925875e-12,4.767060948434596e-12
sub_11,Movimiento Real,1.256586655400659e-12,1.0844927116150701e-12,1.3828989812221597e-12,3.706963688869483e-12,3.224940978924258e-12,4.372454007050675e-12
sub_11,Imaginería Motora,1.324116681265834e-12,1.1358043057404534e-12,1.4472332280883002e-12,3.8778242541248595e-12,3.605642467150767e-12,5.126786180767992e-12
sub_11,Reposo/Otros,1.305560900889955e-12,1.1622253635078442e-12,1.4215667099026964e-12,4.146330199031271e-12,3.208613810047551e-12,4.853949061099053e-12
sub_11,Reposo/Otros,1.2482438919499304e-12,1.0328454984021549e-12,1.3480415684820596e-12,3.685697131782944e-12,3.347905358806959e-12,4.650312731506353e-12
sub_11,Movimiento Real,2.0981991587039668e-12,1.6873162799434353e-12,2.1261477742591092e-12,4.312062381562079e-12,4.101386003888024e-12,5.3667749131731834e-12
sub_11,Imaginería Motora,1.5496581346384763e-12,1.302842551154909e-12,1.6501454233663627e-12,4.129606619008939e-12,3.8663910356179515e-12,5.1458567507990466e-12
sub_11,Reposo/Otros,1.258890241852498e-12,1.1085292002703526e-12,1.4205888049430474e-12,4.0571253540348584e-12,3.071516814581354e-12,4.428458422414625e-12
sub_12,Reposo/Otros,2.6605027325316703e-12,2.063090531515004e-12,2.2802189391445307e-12,9.320471277022258e-12,8.596520764937448e-12,1.0032986269595823e-11
sub_12,Movimiento Real,2.6309375022280755e-12,2.2616323774425833e-12,2.3152896462688307e-12,9.322367005709334e-12,8.772524324236218e-12,1.024357167016359e-11
sub_12,Imaginería Motora,2.593926260806086e-12,1.9949800279096765e-12,2.18813454941383e-12,9.80668909087315e-12,9.870906811425712e-12,1.1200817036919091e-11
sub_12,Reposo/Otros,3.2099316863284053e-12,2.237392237614682e-12,2.6699012027763417e-12,1.0172021580896315e-11,9.682895007482903e-12,1.1956388572603356e-11
sub_12,Reposo/Otros,2.676927128374371e-12,2.059263316183126e-12,2.234005327465864e-12,1.1132175960206065e-11,9.366486259608921e-12,1.1423835192515243e-11
sub_12,Movimiento Real,2.508169228519669e-12,1.7783567005221679e-12,1.974628790780395e-12,6.810249055006459e-12,6.070591869086415e-12,7.580647386407003e-12
sub_12,Imaginería Motora,2.2481073812339937e-12,1.8062950099202137e-12,1.8660945073873056e-12,6.666571054244541e-12,5.9922228214573015e-12,7.234687955456507e-12
sub_12,Reposo/Otros,2.326161482992884e-12,2.010743386121936e-12,2.023142677726039e-12,7.100482893943139e-12,6.561725151814146e-12,7.745990029770244e-12
sub_12,Reposo/Otros,2.3559080847379796e-12,1.8758288099287497e-12,1.9220850634290344e-12,8.098588797067929e-12,6.966183813272044e-12,8.707602245392076e-12
sub_12,Movimiento Real,2.8764829304145283e-12,1.932337583525073e-12,2.2458273118297535e-12,7.58643070275299e-12,7.577786910542829e-12,9.467593761738549e-12
sub_12,Imaginería Motora,2.628793964098324e-12,1.7427665900812624e-12,1.9637244679445648e-12,7.188263350832659e-12,6.958478954520876e-12,7.97083882875715e-12
sub_12,Reposo/Otros,3.179771075658894e-12,2.311036316295506e-12,2.6720204624626925e-12,1.0839038106046726e-11,1.033500274175069e-11,1.1199697865061292e-11
sub_13,Reposo/Otros,2.342594928245099e-11,1.8646628551399705e-11,2.1929022380130673e-11,5.435870234045424e-11,3.932820065364235e-11,5.912178613280062e-11
sub_13,Movimiento Real,3.4808037373158963e-11,2.4529450059697277e-11,2.5525805822826786e-11,6.457928347719882e-11,4.9517009627409457e-11,7.43547814105203e-11
sub_13,Imaginería Motora,3.175002446122422e-11,2.7965551848439605e-11,2.8565584568676853e-11,9.191011293045982e-11,5.6901629955343584e-11,1.0299002556878017e-10
sub_13,Reposo/Otros,3.8900575663821436e-11,1.9110142147283227e-11,2.5423854350627172e-11,4.9416065453983893e-11,3.604552672771813e-11,5.632222245453443e-11
sub_13,Reposo/Otros,2.6151015119754113e-11,1.761256042745926e-11,2.2830155621224317e-11,5.374792410020324e-11,4.231797316928957e-11,6.57545359535808e-11
sub_13,Movimiento Real,2.5199157688730465e-11,1.197820433291726e-11,1.6767678087419634e-11,3.7379523395283456e-11,2.3772637214600316e-11,3.6117111177132767e-11
sub_13,Imaginería Motora,1.8514816407371605e-11,1.215211105119014e-11,1.830003505305621e-11,3.6665664074266846e-11,2.356973647417145e-11,3.848338192459064e-11
sub_13,Reposo/Otros,4.6484072056973896e-11,2.2015532358703323e-11,2.2689325344522948e-11,4.3311733015692226e-11,2.9549244653300094e-11,3.380444760436321e-11
sub_13,Reposo/Otros,1.7224601312246806e-11,1.0692159768436245e-11,1.610068909027282e-11,3.2764594175639493e-11,2.3914898643840813e-11,3.635291884914662e-11
sub_13,Movimiento Real,2.068266925817124e-11,1.4942193420807552e-11,1.8679414772684682e-11,4.555933458038007e-11,3.016465041949997e-11,4.5084417660265993e-11
sub_13,Imaginería Motora,2.5596525492573658e-11,1.861169746408245e-11,2.069680668259342e-11,5.1151623086151215e-11,3.5962722542520924e-11,5.535970789772342e-11
sub_13,Reposo/Otros,3.653939007569053e-11,1.801365728366493e-11,2.1420750607075208e-11,4.892273888301543e-11,3.0096437751455765e-11,4.338964215205875e-11
sub_14,Reposo/Otros,4.544351924884482e-12,3.5994472725285443e-12,4.439023139505264e-12,5.0019272401620084e-11,3.78848058215648e-11,5.159975886083582e-11
sub_14,Movimiento Real,4.852951627379714e-12,4.05784449162981e-12,4.218416277919969e-12,4.18269580976462e-11,2.990652804836391e-11,4.098902653937109e-11
sub_14,Imaginería Motora,4.535908266916628e-12,3.944779284172276e-12,4.203595559333767e-12,5.604373954927426e-11,4.227866707851783e-11,5.750337521090361e-11
sub_14,Reposo/Otros,5.953755507828288e-12,5.014298443419463e-12,6.857388708498992e-12,4.521014134843603e-11,3.48227166851878e-11,4.590436651652505e-11
sub_14,Reposo/Otros,5.102835964717052e-12,3.9651916606215485e-12,4.799244386006525e-12,5.186739840029033e-11,3.734165676485522e-11,5.748409183064119e-11
sub_14,Movimiento Real,4.401946398858458e-12,3.683004896536578e-12,3.749717317393664e-12,2.129327756873887e-11,1.7297647382646184e-11,2.0825992261570824e-11
sub_14,Imaginería Motora,4.8637445575497944e-12,3.773382512969332e-12,4.025423591333047e-12,3.363325444208408e-11,2.5541092667374627e-11,3.422039332792439e-11
sub_14,Reposo/Otros,5.289576928877537e-12,4.044273880379342e-12,4.4024325213642335e-12,2.7327473555301198e-11,2.4367470168028014e-11,3.104732829501857e-11
sub_14,Reposo/Otros,4.786161878697048e-12,4.164895518225809e-12,4.453888842926556e-12,3.59073995456191e-11,2.698712765843458e-11,3.583263402219224e-11
sub_14,Movimiento Real,4.8870074735536415e-12,3.852649909948797e-12,4.288424312552627e-12,3.665860057319831e-11,2.7066448404189907e-11,3.877320983633818e-11
sub_14,Imaginería Motora,4.992091979741134e-12,3.9107720077297684e-12,4.374441424627926e-12,5.333031096073461e-11,3.885984944646003e-11,5.584634075832766e-11
sub_14,Reposo/Otros,5.447071758726208e-12,4.446356801255079e-12,5.6878740407434725e-12,3.427933023629036e-11,2.7968434272523114e-11,3.646464363971162e-11
sub_15,Reposo/Otros,2.6680967036089264e-11,1.960783218866814e-11,2.5186270739014363e-11,6.114571344058006e-11,4.747139071728249e-11,5.759336505115572e-11
sub_15,Movimiento Real,3.7800218709132845e-11,2.7904694683997465e-11,3.4359995186718984e-11,6.832263701306248e-11,7.212818464108321e-11,7.552080212164006e-11
sub_15,Imaginería Motora,2.4507088918312297e-11,1.8025535943981587e-11,2.4251277604467122e-11,4.5680836149674734e-11,3.908791427555229e-11,5.0040393111919337e-11
sub_15,Reposo/Otros,2.7242469440897918e-11,2.0243908641962527e-11,2.583708739052055e-11,6.033627505571215e-11,5.0958374667113916e-11,5.709006212840219e-11
sub_15,Reposo/Otros,2.6096288484573985e-11,2.2215164037883604e-11,2.520654407973903e-11,7.454895803182666e-11,6.68857528900751e-11,7.109000083092244e-11
sub_15,Movimiento Real,3.322800281225154e-11,2.5148966059429314e-11,2.7898892800822088e-11,5.2530893697294105e-11,3.798134202417229e-11,5.11780288249078e-11
sub_15,Imaginería Motora,3.170813685490231e-11,2.400613990888553e-11,2.670629835368396e-11,5.404463821362094e-11,4.4719299768794345e-11,5.3688410064117694e-11
sub_15,Reposo/Otros,3.086600321731383e-11,2.4867530968557628e-11,2.8174780318196967e-11,6.422555335417265e-11,5.540680324168473e-11,6.625312096107788e-11
sub_15,Reposo/Otros,2.8392750875369162e-11,2.0869365076727483e-11,2.6208104664153366e-11,5.580197955460836e-11,5.2343739722664704e-11,5.955378192126346e-11
sub_15,Movimiento Real,2.7307040125879038e-11,2.102355632184661e-11,2.5313463339287522e-11,4.7392042810259405e-11,3.919649058665728e-11,4.844356050841678e-11
sub_15,Imaginería Motora,2.949796432290662e-11,2.0976364454787238e-11,2.6010403777942637e-11,7.013419496466329e-11,5.0405314627323075e-11,6.804581258801354e-11
sub_15,Reposo/Otros,2.7990167498826497e-11,1.9132185403429175e-11,2.5039231253685286e-11,5.291180198133044e-11,5.7531579913626345e-11,5.964576941998002e-11
sub_16,Reposo/Otros,3.737948515193759e-12,3.1757403945262294e-12,3.720822586464776e-12,1.6447309737295978e-11,1.3462674624027085e-11,1.8621536704854724e-11
sub_16,Movimiento Real,3.7624125303538604e-12,2.9843091551931043e-12,3.458466467259261e-12,1.4281413628603662e-11,1.1962249547669008e-11,1.482877426048756e-11
sub_16,Imaginería Motora,4.121547253394339e-12,4.062732384665609e-12,4.480391714759512e-12,1.6408275900045742e-11,1.5244867881444946e-11,1.8990587039082045e-11
sub_16,Reposo/Otros,4.277039504419157e-12,3.580415505671639e-12,4.083669421645122e-12,1.781764008726068e-11,1.5563499257248795e-11,1.9879261516777117e-11
sub_16,Reposo/Otros,4.05236775462136e-12,3.660643141869502e-12,4.131828767048822e-12,1.6012488398342437e-11,1.5147377202406603e-11,1.9494124118523813e-11
sub_16,Movimiento Real,3.232767342307457e-12,2.8662755059520767e-12,3.1909532715183436e-12,1.1284950797651029e-11,9.177735228743656e-12,1.177442748203016e-11
sub_16,Imaginería Motora,3.944781300778541e-12,3.5113216585686228e-12,3.77182775149548e-12,1.59241650059533e-11,1.3830302881827124e-11,1.6908618024122454e-11
sub_16,Reposo/Otros,3.1468621796571317e-12,2.7596206401513755e-12,3.0423249359937376e-12,1.3347461991949343e-11,1.095979098191395e-11,1.492483443657828e-11
sub_16,Reposo/Otros,4.14178477807207e-12,3.957879265795506e-12,4.209512840043811e-12,1.8814121576011406e-11,1.712645274597771e-11,2.194325982056725e-11
sub_16,Movimiento Real,4.603696917275272e-12,4.133895517620283e-12,4.658920098870571e-12,1.7703412956351647e-11,1.4068713191086055e-11,1.9061369533960684e-11
sub_16,Imaginería Motora,3.71750900785186e-12,3.4392488581492627e-12,3.91032899425237e-12,1.9828870049255715e-11,1.7265678561094463e-11,2.2708788009831122e-11
sub_16,Reposo/Otros,3.4158657152602104e-12,3.109822056595574e-12,3.4697541339344725e-12,1.6471596904644105e-11,1.3624322807519041e-11,1.7860788558432584e-11
sub_17,Reposo/Otros,3.668378941687324e-11,1.8431564480904354e-11,1.3769006599187502e-11,4.963256953131329e-11,4.100411589999617e-11,4.823632509164459e-11
sub_17,Movimiento Real,1.877101223977987e-11,2.2396598276490337e-11,1.1295211650098035e-11,5.276094542876005e-11,4.7233704447280365e-11,5.6033296554207555e-11
sub_17,Imaginería Motora,4.6896718103460384e-11,3.085429596824044e-11,1.581868402853551e-11,8.162520211199148e-11,5.893687866519571e-11,7.322809741468394e-11
sub_17,Reposo/Otros,2.578948015589314e-11,2.1529458976556787e-11,1.3613186183096942e-11,4.9723817611198446e-11,4.7661079861867937e-11,5.077317875721069e-11
sub_17,Reposo/Otros,2.416933261787394e-11,2.1401984496611833e-11,1.309632817104008e-11,6.035591019797198e-11,5.549066962081196e-11,6.32496096112446e-11
sub_17,Movimiento Real,1.6359089404973827e-11,9.012866721958716e-12,8.69026241542976e-12,2.4413895854978944e-11,1.835425593806885e-11,2.332882529258828e-11
sub_17,Imaginería Motora,2.307834035538111e-11,1.0463056407463842e-11,1.0858181935244194e-11,2.9453488232654554e-11,2.2710094912852666e-11,2.8313710606697333e-11
sub_17,Reposo/Otros,1.919205868169839e-11,1.2518542265916961e-11,1.0689546515347166e-11,3.953808864291855e-11,3.232252196972318e-11,3.651633300917184e-11
sub_17,Reposo/Otros,2.152499501461115e-11,1.065292454750675e-11,1.056886879444543e-11,3.4552946595203866e-11,2.793703889003345e-11,3.3198658829295894e-11
sub_17,Movimiento Real,1.944326510453666e-11,1.526392996101348e-11,1.2250760123989998e-11,4.712106865036595e-11,4.1843307010604446e-11,4.578913712196991e-11
sub_17,Imaginería Motora,2.7193410450022584e-11,1.7016973625999386e-11,1.2228493824733157e-11,4.908898873001507e-11,4.1700779525033584e-11,4.919586109831017e-11
sub_17,Reposo/Otros,3.0613685906910645e-11,1.5883781140458612e-11,1.220233084282617e-11,4.20710587817932e-11,3.595273595535455e-11,4.015121745069632e-11
sub_18,Reposo/Otros,9.758663472812295e-13,1.0455914636841194e-12,1.0163864789060279e-12,1.6166009979362845e-12,1.4405380314343095e-12,1.713370731359236e-12
sub_18,Movimiento Real,1.091396487303375e-12,1.0876735435798992e-12,1.1018966617510601e-12,1.7271668295611835e-12,1.6351840220618411e-12,1.9639183247068725e-12
sub_18,Imaginería Motora,9.710332457688989e-13,9.422112760879e-13,9.332565248722818e-13,1.5910248663629815e-12,1.4032615800724033e-12,1.688575270216588e-12
sub_18,Reposo/Otros,1.0020928549170005e-12,1.0319224471151994e-12,9.9477397393008e-13,2.983682621714571e-12,2.7778945785912735e-12,3.3217098250010977e-12
sub_18,Reposo/Otros,1.1668375710648162e-12,1.1835420947627165e-12,1.0925647008817002e-12,2.0686950648317113e-12,1.770286987519395e-12,2.0349595545757186e-12
sub_18,Movimiento Real,7.39724518137157e-13,6.263277485148284e-13,6.758779027850581e-13,1.992283124312874e-12,1.7474227650965715e-12,2.0166589954229635e-12
sub_18,Imaginería Motora,6.940285545899898e-13,6.36314525693869e-13,6.632816843891604e-13,1.7249014859878202e-12,1.5430192001861332e-12,1.8759082103797564e-12
sub_18,Reposo/Otros,8.822843131924489e-13,7.963274939816376e-13,8.111202628464922e-13,1.6875818543499627e-12,1.4473058897375846e-12,1.7032084871423655e-12
sub_18,Reposo/Otros,8.47453088197716e-13,8.255556751196266e-13,8.555150437694466e-13,1.3490595994010698e-12,1.2949811673975063e-12,1.4848097398805229e-12
sub_18,Movimiento Real,9.12734782588648e-13,8.312190889319343e-13,8.80654688291264e-13,1.8126238037657425e-12,1.466133047152532e-12,1.787597318026255e-12
sub_18,Imaginería Motora,7.854738871250154e-13,7.967147879621649e-13,7.869681580398439e-13,1.4579685200718547e-12,1.3535353389787554e-12,1.5550026199894312e-12
sub_18,Reposo/Otros,8.905145642035397e-13,9.155923216208475e-13,8.689119956194063e-13,1.6956027606229343e-12,1.3863848825305899e-12,1.769330200189689e-12
sub_19,Reposo/Otros,1.1097094053706362e-11,8.870675686872086e-12,1.01769874147875e-11,3.0479967556742424e-11,1.942290954352479e-11,2.7080510762212043e-11
sub_19,Movimiento Real,1.1365170044267443e-11,9.912645867319246e-12,1.1110354758330448e-11,3.0681923750605404e-11,2.0421722460324678e-11,2.922857921714254e-11
sub_19,Imaginería Motora,1.1324046815308982e-11,9.950186667120906e-12,1.079051255898643e-11,3.867090269784223e-11,2.550215664234076e-11,3.603883584020075e-11
sub_19,Reposo/Otros,1.3302902996212735e-11,1.1351196902858062e-11,1.323099704201566e-11,3.6993709858923005e-11,2.4513467708287545e-11,3.5464981984108606e-11
sub_19,Reposo/Otros,1.3988872666451062e-11,1.1297819129911152e-11,1.323472551872888e-11,3.9613089157523577e-11,2.165802389431776e-11,3.356283217526958e-11
sub_19,Movimiento Real,8.692473232298087e-12,7.510671283703623e-12,8.353652486474866e-12,1.9441327228736287e-11,1.590735282390793e-11,1.8830518670274166e-11
sub_19,Imaginería Motora,9.369782936207686e-12,8.578914834817182e-12,9.617386603287796e-12,2.756648236682583e-11,1.7979309119106138e-11,2.5127663308795172e-11
sub_19,Reposo/Otros,1.1497957079734659e-11,1.0557723442613786e-11,1.1035320400467061e-11,2.2732716620892275e-11,1.783096306674745e-11,2.2264684533125807e-11
sub_19,Reposo/Otros,1.1160179101963064e-11,9.762585022271922e-12,1.12717981639622e-11,3.029586345529642e-11,1.91451845148638e-11,2.612821741010569e-11
sub_19,Movimiento Real,1.2832576225208198e-11,1.0995960649006186e-11,1.2609867164593185e-11,3.629499790775612e-11,2.2254736758479483e-11,3.133761806588812e-11
sub_19,Imaginería Motora,1.0461413646874734e-11,9.475189801894046e-12,9.941333338746897e-12,2.975796084877749e-11,2.44999490189289e-11,3.040515552064335e-11
sub_19,Reposo/Otros,1.2620216472103833e-11,1.034852428900901e-11,1.2049693874318986e-11,2.7936869124376193e-11,1.7645138427581882e-11,2.513170379541695e-11
sub_2,Reposo/Otros,4.506235603388987e-12,2.9443766942984817e-12,6.313308504640874e-12,1.0158631225553233e-11,6.244393663692941e-12,1.230355531854158e-11
sub_2,Movimiento Real,6.603534173404853e-12,3.6123804811534853e-12,7.831571326774298e-12,1.054675294363744e-11,8.846087082431503e-12,1.3468796416335243e-11
sub_2,Imaginería Motora,5.367732080809066e-12,3.038897150075188e-12,6.9973408885724084e-12,1.1610046071499067e-11,8.571534858461776e-12,1.3610440836581222e-11
sub_2,Reposo/Otros,9.317812650048652e-12,8.27541224622875e-12,9.053811724100798e-12,1.6141913222755042e-11,1.2485435895346103e-11,1.4959615183794937e-11
sub_2,Reposo/Otros,3.1295278136010035e-12,2.9994556182618353e-12,6.0274224377247374e-12,1.0642983751855056e-11,9.995109762589285e-12,1.4613172514291336e-11
sub_2,Movimiento Real,5.063727633746552e-12,3.67282608112779e-12,7.332156954810692e-12,1.1764111232526643e-11,9.54743160537808e-12,1.2879059243084767e-11
sub_2,Imaginería Motora,4.029022677795798e-12,2.8386212681337735e-12,6.665969954781591e-12,9.856213359841086e-12,7.1522523283475204e-12,1.1207536107009328e-11
sub_2,Reposo/Otros,4.4051901811814244e-12,3.572205849323177e-12,7.104629629085898e-12,1.1993307940461065e-11,9.831690652956025e-12,1.2272326207224276e-11
sub_2,Reposo/Otros,1.0021715262731356e-11,6.137235676324122e-12,8.278241594569571e-12,1.244209857445372e-11,1.0489906964203598e-11,1.575344509902601e-11
sub_2,Movimiento Real,4.794055440339883e-12,3.375561502572026e-12,7.623467355371373e-12,1.0724260175748008e-11,7.616549791791828e-12,1.2108100174763008e-11
sub_2,Imaginería Motora,3.822492031722916e-12,3.3901250801394074e-12,7.45887515940504e-12,1.110107590518981e-11,9.136976403183262e-12,1.5121380241804552e-11
sub_2,Reposo/Otros,5.597712876201363e-12,3.870236475041348e-12,7.884963335369238e-12,1.7114721019312035e-11,1.3738559248114823e-11,1.8891545703935906e-11
sub_20,Reposo/Otros,5.806935949270366e-13,4.1113739694230346e-13,6.155250725889902e-13,1.9539800446913993e-12,1.5096912412621407e-12,2.321949408830426e-12
sub_20,Movimiento Real,5.675065656580833e-13,4.209401135705083e-13,5.609805317751409e-13,1.6178975689185068e-12,1.1108164612843944e-12,1.7319597889900563e-12
sub_20,Imaginería Motora,6.585644680964008e-13,5.704355109997167e-13,6.389958420704804e-13,2.0603188320000292e-12,1.5859953852954597e-12,2.305394056771749e-12
sub_20,Reposo/Otros,8.327991316040969e-13,9.288877785659082e-13,7.389630850833217e-13,1.5799305747345976e-12,1.3743789201647473e-12,1.8742281774448554e-12
sub_20,Reposo/Otros,8.374390536812974e-13,8.126712529086501e-13,6.88723020905382e-13,2.252619734609069e-12,1.5755121208907117e-12,2.1835683534249676e-12
sub_20,Movimiento Real,6.108750819409028e-13,4.359944174545506e-13,5.942945792813088e-13,1.6643868647808412e-12,1.174885867176594e-12,1.7452861061844075e-12
sub_20,Imaginería Motora,5.96485877265082e-13,4.073415586977268e-13,6.045302973905756e-13,1.843802540737231e-12,1.145568560594626e-12,1.8635805710359004e-12
sub_20,Reposo/Otros,5.213795205340689e-13,3.456726540703854e-13,5.867527820623191e-13,1.860206318871093e-12,1.2983880489030553e-12,2.164285771097568e-12
sub_20,Reposo/Otros,5.676030836766084e-13,3.976057740774184e-13,6.170913339162184e-13,2.183133117066385e-12,1.422899405867121e-12,2.282708539032363e-12
sub_20,Movimiento Real,5.328384377723371e-13,3.289679906122007e-13,5.205130616943521e-13,1.7191417032565439e-12,1.1516479814322957e-12,1.860337004661635e-12
sub_20,Imaginería Motora,4.975779435170765e-13,3.6067005921731385e-13,5.352363391485211e-13,2.117382450614878e-12,1.4380109553597931e-12,2.4358636437458063e-12
sub_20,Reposo/Otros,5.735710432207355e-13,4.4149371520006827e-13,5.75518018379497e-13,1.540888755934618e-12,1.1956045678023694e-12,1.8867814694544376e-12
sub_3,Reposo/Otros,7.411946610539154e-12,6.8235924883674154e-12,7.102212575504226e-12,3.483834290538605e-11,3.3482213323673675e-11,3.7304404901149105e-11
sub_3,Movimiento Real,8.369353734438989e-12,7.42149788742512e-12,7.64803269507198e-12,4.015864524370532e-11,4.368955329081176e-11,4.537077701027571e-11
sub_3,Imaginería Motora,1.4520831287111447e-11,1.2305432473084096e-11,1.3582944735330745e-11,3.696105416904079e-11,3.333794546185024e-11,3.931532663406918e-11
sub_3,Reposo/Otros,8.437371571010255e-12,7.194589484211755e-12,7.844650817115511e-12,6.908097327980021e-11,7.131919857463292e-11,7.917569713453966e-11
sub_3,Reposo/Otros,7.63495313057009e-12,6.624496572109034e-12,7.147355220598415e-12,5.084911707110677e-11,4.646887264875868e-11,5.703857170546195e-11
sub_3,Movimiento Real,1.1788200022350026e-11,1.0541657164859196e-11,1.0612287842948856e-11,3.862148229616383e-11,3.323818239351227e-11,4.172669352814464e-11
sub_3,Imaginería Motora,1.9557882454539046e-11,1.6675482269351766e-11,1.7761389431221612e-11,4.3454722490692045e-11,3.8949642622727614e-11,4.3064263950627654e-11
sub_3,Reposo/Otros,8.224822142702314e-12,7.729576564926634e-12,7.909671979147998e-12,3.626165266728487e-11,3.5909415721821675e-11,4.0923217083161975e-11
sub_3,Reposo/Otros,8.118314356542089e-12,8.192659455859352e-12,7.211555068890201e-12,3.837687708486869e-11,3.447061358511281e-11,3.919973436784192e-11
sub_3,Movimiento Real,8.83566495014837e-12,8.883631490459537e-12,8.513883244030306e-12,5.160605024687748e-11,4.829721870941456e-11,5.895006282646709e-11
sub_3,Imaginería Motora,7.718825933684781e-12,8.071549469137199e-12,7.226196919091547e-12,4.043173806084229e-11,4.493635333786852e-11,4.893234014844908e-11
sub_3,Reposo/Otros,8.381294705464225e-12,7.152254708917294e-12,7.576614315771134e-12,4.597908426803561e-11,4.12460312753031e-11,4.503688541886541e-11
sub_4,Reposo/Otros,2.20746052165605e-12,2.4010107438960332e-12,2.7590655814953967e-12,4.369017922688799e-12,3.765575994706056e-12,4.459284710079866e-12
sub_4,Movimiento Real,2.3145437183904635e-12,1.7735391191651615e-12,2.565089177673016e-12,4.333756427115767e-12,3.785579716526542e-12,4.160739793083735e-12
sub_4,Imaginería Motora,2.2734235496335023e-12,1.790663564992501e-12,2.376658238689914e-12,3.873305893909663e-12,3.2243014314165094e-12,3.858962345362042e-12
sub_4,Reposo/Otros,2.366024756484632e-12,2.0192819414874283e-12,2.8437129629609693e-12,4.820989732751793e-12,4.674294347606323e-12,5.0915053656652726e-12
sub_4,Reposo/Otros,2.4095907288309215e-12,2.184578702814721e-12,2.874352164507321e-12,4.68490814394182e-12,3.968618353951789e-12,4.6967791933225046e-12
sub_4,Movimiento Real,2.113342985212406e-12,1.5466643055508628e-12,2.2384530953961237e-12,4.473393141290125e-12,3.8797564095431936e-12,4.2976148357723564e-12
sub_4,Imaginería Motora,2.834209591194757e-12,2.8929679489173324e-12,2.681187856041844e-12,5.3770672117207e-12,4.890840716590738e-12,5.3452488892732675e-12
sub_4,Reposo/Otros,2.0337413878990054e-12,2.016055810370047e-12,2.3524239498653724e-12,4.970797287982445e-12,4.955524884628407e-12,5.195826007770732e-12
sub_4,Reposo/Otros,2.7568463133375242e-12,2.653814280133032e-12,3.132521742013114e-12,4.835563704153831e-12,4.178977731143272e-12,4.608632876444441e-12
sub_4,Movimiento Real,2.321332882038725e-12,1.882945866980905e-12,2.5660366217213395e-12,4.9802711289651904e-12,4.371449788250489e-12,5.055007119692682e-12
sub_4,Imaginería Motora,2.3382294123703216e-12,2.161192964949984e-12,2.4642816122833597e-12,5.042990858759458e-12,3.98287843725992e-12,4.698795310975272e-12
sub_4,Reposo/Otros,2.634346995452513e-12,2.0930091459538223e-12,2.6609524538002334e-12,4.5862477890365055e-12,4.149166663363737e-12,4.513193120448894e-12
sub_5,Reposo/Otros,2.5203135098468337e-12,2.8067314768569596e-12,3.0584404305530023e-12,7.975029831010739e-12,6.821237282675646e-12,9.396185678105159e-12
sub_5,Movimiento Real,2.8805679824295413e-12,2.51629162245057e-12,2.9833249879471714e-12,8.199927774354955e-12,6.663207079449989e-12,9.491298875118733e-12
sub_5,Imaginería Motora,2.3725576375541044e-12,2.452877272969353e-12,2.509337181157449e-12,8.086677823810894e-12,6.553355693698577e-12,9.012404438594128e-12
sub_5,Reposo/Otros,2.7935235236555557e-12,2.4113837249943114e-12,2.8633190565720237e-12,8.049745646871101e-12,6.932497765639516e-12,1.0219507412490007e-11
sub_5,Reposo/Otros,2.865656591858968e-12,2.794180191699592e-12,3.480630324300279e-12,8.790168923647761e-12,8.498824734148686e-12,1.1804198890881023e-11
sub_5,Movimiento Real,2.30652779036525e-12,1.9441677420382995e-12,2.024095013863656e-12,6.2684653628360005e-12,5.090991505049401e-12,7.497783142999997e-12
sub_5,Imaginería Motora,1.9085979048462664e-12,1.8229317527697266e-12,1.8744909514118545e-12,7.32461220397282e-12,5.2780306246761546e-12,8.629604187476327e-12
sub_5,Reposo/Otros,2.610104774846438e-12,2.29163063805686e-12,2.7076082053269613e-12,7.003327501154326e-12,4.9278488022116055e-12,7.799411627147973e-12
sub_5,Reposo/Otros,2.3611311781336675e-12,2.2160141244005e-12,2.515516303156716e-12,8.434144951217478e-12,6.95912841167637e-12,9.676867801929978e-12
sub_5,Movimiento Real,2.4682072312340698e-12,2.098757381578283e-12,2.1510703182953904e-12,7.965612464625855e-12,6.650966003214384e-12,9.550981206518897e-12
sub_5,Imaginería Motora,2.5883790926588737e-12,1.9487436099440754e-12,2.22383594245705e-12,8.25563157914934e-12,6.6183308250633324e-12,9.842918236653327e-12
sub_5,Reposo/Otros,3.1398785605154238e-12,3.0025815597252768e-12,3.4882238959760443e-12,1.0592495052134942e-11,8.218165107878691e-12,1.2328254895427477e-11
sub_6,Reposo/Otros,7.362989472965075e-12,5.470993134111633e-12,4.994733692192242e-12,5.2672127204581654e-12,4.308810875595381e-12,4.215259638158888e-12
sub_6,Movimiento Real,8.134880560201105e-12,5.4850660538450565e-12,5.020091941197748e-12,6.644525480694313e-12,5.1471098609286805e-12,4.967853492668081e-12
sub_6,Imaginería Motora,5.526652026616406e-12,4.268928423967288e-12,4.160731083343245e-12,4.9537652799599465e-12,3.5900351512790106e-12,4.1272255776075276e-12
sub_6,Reposo/Otros,3.748589812624748e-12,2.7990364439130143e-12,3.0167394728468626e-12,4.4290122472734685e-12,3.8151945833493715e-12,3.803045775364863e-12
sub_6,Reposo/Otros,2.9829923807205696e-12,2.2457646985097806e-12,2.3263967029113615e-12,3.412243385841817e-12,3.2767586347189254e-12,3.2814218815140084e-12
sub_6,Movimiento Real,2.8380093980271443e-12,2.0108547433438666e-12,2.2581768004827832e-12,4.366176556458832e-12,3.0792014820188348e-12,3.894590657972134e-12
sub_6,Imaginería Motora,2.3912859846743697e-12,1.9801544935329097e-12,1.8707965708234125e-12,3.901906880691309e-12,2.898753386746326e-12,3.655662289821754e-12
sub_6,Reposo/Otros,3.184857723818639e-12,2.642309896341746e-12,2.6533057546593813e-12,3.830936583751551e-12,3.024668890403812e-12,3.6103863543623266e-12
sub_6,Reposo/Otros,3.772713736562712e-12,2.9813575088726566e-12,2.7054508177919736e-12,4.3619123861559035e-12,3.792222359037464e-12,4.235413089405702e-12
sub_6,Movimiento Real,6.808441435246432e-12,4.695917551651411e-12,3.990551511869628e-12,5.220576637771229e-12,4.030905840582038e-12,4.32970684939247e-12
sub_6,Imaginería Motora,5.733781300134257e-12,4.4903409577675735e-12,4.6444363325405395e-12,6.297669197358038e-12,5.237684498368215e-12,5.224912198225184e-12
sub_6,Reposo/Otros,7.533816177235028e-12,4.122128938848848e-12,3.825565546738484e-12,5.132311355489077e-12,3.8458896805346e-12,4.17016344923164e-12
sub_7,Reposo/Otros,4.2542138105259776e-12,3.110261609726821e-12,3.815734364191555e-12,4.306777427973115e-11,3.290855792246677e-11,4.134840727476823e-11
sub_7,Movimiento Real,4.5476285111366945e-12,3.3453096356384185e-12,3.7444154857915995e-12,4.1588816581663025e-11,3.127654618902161e-11,4.160389603569366e-11
sub_7,Imaginería Motora,4.369412090475289e-12,3.3342236433217072e-12,4.101219937158336e-12,4.6755060003193415e-11,3.846972681710423e-11,5.059255830765012e-11
sub_7,Reposo/Otros,4.649333778359899e-12,3.6035252898334177e-12,4.057067188999895e-12,3.811500150297243e-11,3.1730016209655104e-11,4.061763218613407e-11
sub_7,Reposo/Otros,3.87674974998131e-12,2.9150193345337956e-12,3.624445637661841e-12,4.809842328590215e-11,3.6112991472406654e-11,4.7551640374585286e-11
sub_7,Movimiento Real,4.190907321176483e-12,3.340852495597914e-12,3.5352145281216694e-12,2.349415321027505e-11,2.2889683965074722e-11,2.7996833329268123e-11
sub_7,Imaginería Motora,4.630509897192479e-12,3.2887233646657762e-12,3.7022544607848245e-12,3.502616658797193e-11,2.6957751358159166e-11,3.6883388602822474e-11
sub_7,Reposo/Otros,4.529491129028387e-12,3.582178957196404e-12,3.821428634616944e-12,2.8666789671541673e-11,2.3117003139762622e-11,2.926241212520561e-11
sub_7,Reposo/Otros,4.379114891467427e-12,3.5366474272322854e-12,4.048348810041193e-12,4.3742799391776024e-11,3.57717628494623e-11,4.517158498033666e-11
sub_7,Movimiento Real,4.6579719611574884e-12,3.211905190800087e-12,3.9089522620648924e-12,4.458701312407724e-11,3.637459986371224e-11,5.0205166954649004e-11
sub_7,Imaginería Motora,4.0625172160257406e-12,3.0454074055195656e-12,3.828533299275327e-12,4.21675240946298e-11,3.0670534486171056e-11,4.169812832359246e-11
sub_7,Reposo/Otros,4.592981332675521e-12,3.4451725289383157e-12,4.008792293513478e-12,3.970268253076892e-11,2.9689475527713117e-11,4.122354655903418e-11
sub_8,Reposo/Otros,2.3187339712744375e-12,2.147407167393819e-12,2.2357320475293627e-12,1.3989081397511478e-11,1.360352075336316e-11,1.5909211853627984e-11
sub_8,Movimiento Real,2.2977389444594094e-12,2.1917247026650044e-12,2.347771381109461e-12,1.2999372452698152e-11,1.1912927262955257e-11,1.348087228650571e-11
sub_8,Imaginería Motora,2.800078904111238e-12,2.407561979466221e-12,2.711122294885086e-12,1.6028867393048995e-11,1.635863409839436e-11,1.9269351667484986e-11
sub_8,Reposo/Otros,3.258236373748128e-12,3.1171623072543176e-12,3.2460729328635083e-12,2.7515127002638923e-11,2.7795490032407202e-11,2.9532158420091253e-11
sub_8,Reposo/Otros,2.7852189662511327e-12,2.4353412646859968e-12,2.598133392189759e-12,1.3324517034669649e-11,1.133616788903989e-11,1.245261297088118e-11
sub_8,Movimiento Real,2.8824187654563312e-12,2.635833504412302e-12,2.6248181033594384e-12,1.0328602651834558e-11,1.0096730894609155e-11,1.2784808028326055e-11
sub_8,Imaginería Motora,2.3901179158427927e-12,2.3002073961174146e-12,2.2512844862537383e-12,1.165767409901527e-11,1.1407400244457778e-11,1.3840867404241255e-11
sub_8,Reposo/Otros,3.1870325222925242e-12,2.9894938605650576e-12,2.910316495209081e-12,9.596235237383391e-12,9.075410515726908e-12,1.1235677617486647e-11
sub_8,Reposo/Otros,2.8017699012367344e-12,2.5923118659275115e-12,2.6039671240439026e-12,2.1748859139984644e-11,2.27788280595837e-11,2.2261107758285646e-11
sub_8,Movimiento Real,2.4001809344122205e-12,2.1460544380468062e-12,2.3153695800067415e-12,1.5418767750731814e-11,1.5324139866833622e-11,1.7853941801651304e-11
sub_8,Imaginería Motora,2.5305214923864706e-12,2.2600667651686085e-12,2.423631835036646e-12,1.3587519513682068e-11,1.3904701199672284e-11,1.5618248998949872e-11
sub_8,Reposo/Otros,2.9758380008676273e-12,2.5296474983161006e-12,2.6690151468348967e-12,1.931779197553213e-11,2.01582363825612e-11,2.2009155257811363e-11
sub_9,Reposo/Otros,1.1984217412617574e-11,1.0831166357796535e-11,1.0018635813066625e-11,3.7460750158477154e-11,3.071315070450864e-11,4.0993086742315284e-11
sub_9,Movimiento Real,1.414989190380988e-11,1.2592308010501907e-11,1.222370412176403e-11,3.257912189455013e-11,2.8456800329114298e-11,3.582926692724715e-11
sub_9,Imaginería Motora,1.35181135351046e-11,1.3876694420490874e-11,1.1181761975893113e-11,3.250715661214959e-11,2.8325336535101128e-11,3.764054906022027e-11
sub_9,Reposo/Otros,1.4486547882148212e-11,2.581960685323266e-11,1.476100316946221e-11,3.332750964306193e-11,3.0778658121387065e-11,3.975487947293662e-11
sub_9,Reposo/Otros,1.49820804694303e-11,4.1037087273896174e-11,1.5948916698029328e-11,3.355566024587394e-11,3.265135354174102e-11,3.811045627553382e-11
sub_9,Movimiento Real,2.5167468298071672e-11,3.726474551678474e-11,1.672741911904684e-11,3.393782853378471e-11,2.9172885783123945e-11,3.4332895310160563e-11
sub_9,Imaginería Motora,2.0363093060964038e-11,1.735687540035311e-11,1.3176867241651852e-11,4.505468375524184e-11,3.653381906736659e-11,4.7205822477778555e-11
sub_9,Reposo/Otros,1.7250677569583786e-11,3.354277590048588e-11,1.670982112185549e-11,3.424845696139425e-11,3.421525451424175e-11,4.0379748889321913e-11
sub_9,Reposo/Otros,1.9067258511200687e-11,4.807425763100044e-11,1.9397836270657196e-11,3.757629527369524e-11,3.7784018779151014e-11,4.2889558717312755e-11
sub_9,Movimiento Real,1.5123476092327288e-11,1.5283322059057154e-11,1.2347213030873486e-11,3.4384151090643777e-11,3.1760861267336904e-11,3.9189477585473647e-11
sub_9,Imaginería Motora,1.4998220808750476e-11,2.5087433465311783e-11,1.3701176321063407e-11,3.287133151724219e-11,3.105479985829855e-11,3.795662392763268e-11
sub_9,Reposo/Otros,1.2316801304878678e-11,1.562511067276553e-11,1.1625366471417605e-11,3.083343261790774e-11,2.878855315046588e-11,3.878245347979347e-11
